oldId,newId,grade,moduleId,slug,name,description,example,prerequisiteSuggestion,relatedSuggestion,difficulty,status
make-ten,g1-m0-make-ten,1,M0,1-make-ten,凑十法,把一个数拆成两部分，使其中一部分与另一个数凑成10，再用10加剩下的数。,计算 9+5：把5分成1和4，9+1=10，10+4=14。,,,1,active
make-ten-ping,g1-m0-make-ten-ping,1,M0,1-make-ten-ping,平十法,减法中把减数分成两部分，先用被减数减去与个位相同的部分得整十，再减剩余部分。,15-8：把8分成5和3，15-5=10，10-3=7。,,,1,active
make-ten-po,g1-m0-make-ten-po,1,M0,1-make-ten-po,破十法,减法中把被减数分成10和几，先用10减去减数，再加上剩下的部分。,13-5：把13分成10和3，10-5=5，5+3=8。,,,1,active
addsub-20,g1-m1-addsub-20,1,M1,1-addsub-20,20 以内加减法,在20以内进行不进位、不退位的加减计算，是口算的基础。,13+4=?（答案：17）,,,1,active
count,g1-m4-count,1,M4,1-count,数数与顺序,正确数出物体的个数，并理解数的先后顺序。,从1数到20，第5个数是几？（答案：5）,,,1,active
compose-digit,g1-m4-compose-digit,1,M4,1-compose-digit,数的组成与数位,理解一个数由几个十和几个一组成，认识个位与十位。,17由几个十和几个一组成？（答案：1个十和7个一）,,,1,active
compare,g1-m4-compare,1,M4,1-compare,比大小,会比较100以内数的大小，用符号 >、<、= 表示。,比较 15 和 12。（答案：15 > 12）,,,1,active
clock-hour,g1-m4-clock-hour,1,M4,1-clock-hour,认识钟表（整时）,能认读钟表上的整时，知道时针、分针的指向。,分针指向12、时针指向3是几时？（答案：3时）,,,1,active
patterns,g1-m4-patterns,1,M4,1-patterns,找规律,观察图形或数字的排列，发现并接着填出规律。,"1, 3, 5, 7, （  ）。（答案：9）",,,1,active
money,g1-m4-money,1,M4,1-money,认识人民币,认识元、角、分及它们之间的进率，会进行简单换算。,1元 = ?角（答案：10角）,,,1,active
solid-shapes,g1-m6-solid-shapes,1,M6,1-solid-shapes,认识立体图形,认识长方体、正方体、圆柱、球等立体图形及其特征。,下列立体图形中滚得最快的是？（答案：球）,,,1,active
flat-shapes,g1-m6-flat-shapes,1,M6,1-flat-shapes,认识平面图形,认识长方形、正方形、三角形、圆等平面图形。,红领巾的形状是？（答案：三角形）,,,1,active
shape-compose,g1-m6-shape-compose,1,M6,1-shape-compose,图形拼组,用简单图形拼出新的图形，理解图形之间的关系。,两个完全一样的三角形可以拼成一个？（答案：平行四边形）,,,1,active
position,g1-m6-position,1,M6,1-position,上下左右位置,用上、下、左、右、前、后描述物体的相对位置。,书本在桌子的（  ）面。（答案：上）,,,1,active
picture-equations,g1-m7-picture-equations,1,M7,1-picture-equations,看图列式,根据图中物体的数量列出加减法算式。,图中有3个苹果又画了2个，列式：3+2=5。,,,1,active
chain-mixed,g1-m8-chain-mixed,1,M8,1-chain-mixed,连加连减与加减混合,进行连续相加或相减以及加减混合的计算。,2+3+4=?（答案：9）,,,1,active
solve-problems,g1-m8-solve-problems,1,M8,1-solve-problems,解决问题,读懂简单情境，列出算式解决一步计算的数学问题。,小明有5支笔，又买来3支，现在有几支？（答案：8支）,,,1,active
classify,g1-m9-classify,1,M9,1-classify,分类与整理,按一定标准把物体分类并数出每类数量。,把下列图形按颜色分成两类并计数。,,,1,active
stats-table,g1-m9-stats-table,1,M9,1-stats-table,填写简单统计表,把分类的结果用简单的表格记录下来。,统计全班同学喜欢的水果并填入统计表。,,,1,active
pictograph,g1-m9-pictograph,1,M9,1-pictograph,象形统计图,用一个图形代表一个数量，画出象形统计图。,用○表示人数，3个○表示3人。,,,1,active
addsub-100,g2-m1-addsub-100,2,M1,2-addsub-100,100 以内加减法,掌握100以内的进位加法与退位减法。,35+28=?（答案：63）,,,1,active
muldiv,g2-m1-muldiv,2,M1,2-muldiv,表内乘除法,熟记乘法口诀，进行表内乘除法计算。,6×7=?（答案：42）,,,1,active
remainder,g2-m1-remainder,2,M1,2-remainder,有余数除法,理解平均分后有剩余，认识余数及有余数除法。,10÷3=3……1，余数是？（答案：1）,,,1,active
mixed,g2-m1-mixed,2,M1,2-mixed,混合运算,掌握没有括号的同级或两级混合运算顺序。,3+4×2=?（答案：11）,,,1,active
readwrite,g2-m4-readwrite,2,M4,2-readwrite,万以内数的读写,能正确读、写万以内的数。,写作：三千零五。（答案：3005）,,,1,active
compose-4,g2-m4-compose-4,2,M4,2-compose-4,数的组成与数位,理解万以内数的组成及个、十、百、千数位。,4567里有几个千、几个百、几个十、几个一？,,,1,active
approx,g2-m4-approx,2,M4,2-approx,近似数,会用“约”“大概”表示接近整十、整百的数。,298约是多少？（答案：约300）,,,1,active
unit-convert,g2-m4-unit-convert,2,M4,2-unit-convert,单位换算,进行长度单位间的换算。,1米 = ?厘米（答案：100厘米）,,,1,active
fill-unit,g2-m4-fill-unit,2,M4,2-fill-unit,填合适单位,根据情境选择合适的长度单位。,课桌高约70（  ）。（答案：厘米）,,,1,active
shapes-2,g2-m6-shapes-2,2,M6,2-shapes-2,认识图形,认识角、长方形、正方形等并分辨其特征。,正方形有几条边？（答案：4条）,,,1,active
angles,g2-m6-angles,2,M6,2-angles,角的初步认识,认识角，知道角的顶点和边等各部分名称。,一个角有（  ）个顶点和（  ）条边。（答案：1个顶点，2条边）,,,1,active
motion,g2-m6-motion,2,M6,2-motion,图形的运动,认识平移和旋转等图形运动现象。,推拉窗户属于（  ）现象。（答案：平移）,,,1,active
grid,g2-m6-grid,2,M6,2-grid,方格纸,在方格纸上数图形或画图形。,数出方格纸上长方形的个数。,,,1,active
wp-solve,g2-m8-wp-solve,2,M8,2-wp-solve,解决问题,解决两步计算的实际问题。,每盒有6块糖，3盒共几块？吃掉4块还剩几块？（答案：14块）,,,1,active
data-tally,g2-m9-data-tally,2,M9,2-data-tally,数据收集与整理,用“正”字等方法收集数据并整理。,用画“正”字的方法统计喜欢的水果。,,,1,active
data-question,g2-m9-data-question,2,M9,2-data-question,根据统计结果回答问题,读取统计表或统计图，回答简单问题。,根据统计结果，哪一类人数最多？,,,1,active
logic-reasoning,g2-m10-logic-reasoning,2,M10,2-logic-reasoning,简单逻辑推理,根据已知条件进行简单逻辑推理。,甲比乙高，乙比丙高，谁最矮？（答案：丙）,,,1,active
sudoku3,g2-m10-sudoku3,2,M10,2-sudoku3,3×3 数独,在3×3格中填入1-3，使每行、每列数字不重复。,完成给定部分数字的3×3数独。,,,1,active
g3-add-sub-wan,g3-m1-g3-add-sub-wan,3,M1,3-g3-add-sub-wan,万以内的加减法,掌握万以内的进位加法与退位减法。,3456+2789=?（答案：6245）,,,1,active
g3-mul-multi1,g3-m1-g3-mul-multi1,3,M1,3-g3-mul-multi1,多位数乘一位数,掌握多位数乘一位数的笔算方法。,234×3=?（答案：702）,,,1,active
g3-div1,g3-m1-g3-div1,3,M1,3-g3-div1,除数是一位数的除法,掌握一位数除多位数的笔算方法。,96÷3=?（答案：32）,,,1,active
g3-mul-2digit,g3-m1-g3-mul-2digit,3,M1,3-g3-mul-2digit,两位数乘两位数,掌握两位数乘两位数的笔算方法。,23×12=?（答案：276）,,,1,active
g3-fraction,g3-m4-g3-fraction,3,M4,3-g3-fraction,分数的初步认识,认识几分之一和几分之几，会读会写分数。,把一个披萨平均分成4份，每份是它的（  ）。（答案：1/4）,,,1,active
g3-decimal,g3-m4-g3-decimal,3,M4,3-g3-decimal,小数的初步认识,认识小数，会读写小数并与元角分联系。,0.5元 = ?角（答案：5角）,,,1,active
g3-time,g3-m4-g3-time,3,M4,3-g3-time,时、分、秒,认识时间单位时、分、秒及其进率。,1分 = ?秒（答案：60秒）,,,1,active
g3-year-month,g3-m4-g3-year-month,3,M4,3-g3-year-month,年、月、日,认识年、月、日，知道大月小月及天数。,一年有几个月？（答案：12个月）,,,1,active
g3-measure,g3-m4-g3-measure,3,M4,3-g3-measure,测量,用毫米、分米、千米等长度单位进行测量。,字典厚约4（  ）。（答案：厘米或毫米）,,,1,active
g3-perimeter,g3-m6-g3-perimeter,3,M6,3-g3-perimeter,长方形正方形的周长,理解周长的含义，会计算长方形、正方形的周长。,边长5厘米的正方形周长是多少？（答案：20厘米）,,,1,active
g3-area,g3-m6-g3-area,3,M6,3-g3-area,面积,认识面积，会用面积单位度量平面图形大小。,边长为1厘米的正方形面积是？（答案：1平方厘米）,,,1,active
g3-position,g3-m6-g3-position,3,M6,3-g3-position,位置与方向,认识东、南、西、北等方向并描述位置。,太阳从（  ）方升起。（答案：东）,,,1,active
g3-times,g3-m8-g3-times,3,M8,3-g3-times,倍的认识,理解“倍”的含义，求一个数是另一个数的几倍。,6是2的几倍？（答案：3倍）,,,1,active
g3-stats-table,g3-m9-g3-stats-table,3,M9,3-g3-stats-table,复式统计表,把多组数据合并记录在一张复式统计表里。,把男女生喜欢的运动填进同一张复式统计表。,,,1,active
g3-combination,g3-m10-g3-combination,3,M10,3-g3-combination,搭配问题,用搭配、连线等方法有序找出全部组合。,2件上衣和3条裤子有几种搭配？（答案：6种）,,,1,active
g3-set,g3-m10-g3-set,3,M10,3-g3-set,集合思想,用集合（韦恩图）表示重叠关系并计数。,会游泳5人，会骑车4人，两项都会2人，至少会一项的几人？（答案：7人）,,,1,active
g4-oral-big,g4-m1-g4-oral-big,4,M1,4-g4-oral-big,大数加减口算,对万以上的大数进行加减法口算。,50000+3000=?（答案：53000）,,,1,active
g4-oral-mul3x1,g4-m1-g4-oral-mul3x1,4,M1,4-g4-oral-mul3x1,三位数乘一位数口算,整百、整千数乘一位数的口算。,300×4=?（答案：1200）,,,1,active
g4-oral-mul2t,g4-m1-g4-oral-mul2t,4,M1,4-g4-oral-mul2t,两位数乘整十数口算,两位数乘整十数的口算。,12×30=?（答案：360）,,,1,active
g4-oral-divt,g4-m1-g4-oral-divt,4,M1,4-g4-oral-divt,除数是整十数的口算,几百几十除以整十数的口算。,240÷60=?（答案：4）,,,1,active
g4-oral-dec,g4-m1-g4-oral-dec,4,M1,4-g4-oral-dec,小数加减法口算,简单的小数加减法口算。,0.3+0.5=?（答案：0.8）,,,1,active
g4-oral-law,g4-m1-g4-oral-law,4,M1,4-g4-oral-law,运用运算律简便口算,用加法交换律、结合律进行简便口算。,25+37+75=?（答案：137）,,,1,active
g4-v-mul3x2,g4-m2-g4-v-mul3x2,4,M2,4-g4-v-mul3x2,三位数乘两位数,三位数乘两位数的笔算。,123×45=?（答案：5535）,,,1,active
g4-v-mulzero,g4-m2-g4-v-mulzero,4,M2,4-g4-v-mulzero,因数中间或末尾有 0 的乘法,因数中间或末尾有0的乘法笔算。,203×40=?（答案：8120）,,,1,active
g4-v-div2,g4-m2-g4-v-div2,4,M2,4-g4-v-div2,除数是两位数的除法,两位数除多位数的笔算。,144÷12=?（答案：12）,,,1,active
g4-v-div2q,g4-m2-g4-v-div2q,4,M2,4-g4-v-div2q,商是两位数的除法,被除数是三位数、商是两位数的除法笔算。,252÷14=?（答案：18）,,,1,active
g4-v-dec,g4-m2-g4-v-dec,4,M2,4-g4-v-dec,小数加减法竖式,小数加减法列竖式计算（小数点对齐）。,3.5+2.75=?（答案：6.25）,,,1,active
g4-mix-order,g4-m3-g4-mix-order,4,M3,4-g4-mix-order,四则混合运算顺序,掌握先乘除后加减及带括号的四则混合运算顺序。,12+8×3=?（答案：36）,,,1,active
g4-mix-addlaw,g4-m3-g4-mix-addlaw,4,M3,4-g4-mix-addlaw,加法运算律简便计算,用加法交换律、结合律进行简便计算。,167+358+33=?（答案：558）,,,1,active
g4-mix-mullaw,g4-m3-g4-mix-mullaw,4,M3,4-g4-mix-mullaw,乘法运算律简便计算,用乘法交换律、结合律进行简便计算。,25×7×4=?（答案：700）,,,1,active
g4-mix-dist,g4-m3-g4-mix-dist,4,M3,4-g4-mix-dist,乘法分配律简便计算,运用乘法分配律 a×(b+c)=a×b+a×c 简便计算。,25×(4+8)=?（答案：300）,,,1,active
g4-mix-dec,g4-m3-g4-mix-dec,4,M3,4-g4-mix-dec,小数加减简便计算,运用运算律进行小数加减简便计算。,4.6+3.2+5.4=?（答案：13.2）,,,1,active
g4-fill-bignum,g4-m4-g4-fill-bignum,4,M4,4-g4-fill-bignum,大数的认识,认识亿以内的数，会读、写、比较大数。,读作：三千零四十万零五百。（答案：30400500）,,,1,active
g4-fill-hectare,g4-m4-g4-fill-hectare,4,M4,4-g4-fill-hectare,公顷和平方千米,认识土地面积单位公顷、平方千米及换算。,1公顷 = ?平方米（答案：10000平方米）,,,1,active
g4-fill-line,g4-m4-g4-fill-line,4,M4,4-g4-fill-line,线段、射线、直线,认识线段、射线、直线及它们之间的区别。,有2个端点的是？（答案：线段）,,,1,active
g4-fill-angle,g4-m4-g4-fill-angle,4,M4,4-g4-fill-angle,角的度量与分类,用量角器量角，区分锐角、直角、钝角。,90°的角是？（答案：直角）,,,1,active
g4-fill-quad,g4-m4-g4-fill-quad,4,M4,4-g4-fill-quad,平行四边形和梯形,认识平行四边形和梯形及其特征。,平行四边形的对边（  ）。（答案：平行且相等）,,,1,active
g4-fill-op,g4-m4-g4-fill-op,4,M4,4-g4-fill-op,四则运算的意义与关系、0 的运算,理解加减乘除的互逆关系及0的运算性质。,0除以非0的数得？（答案：0）,,,1,active
g4-fill-quotient,g4-m4-g4-fill-quotient,4,M4,4-g4-fill-quotient,商不变规律,被除数和除数同时乘或除以相同数（0除外），商不变。,48÷6=(48×2)÷(6×?)（答案：×2）,,,1,active
g4-fill-dec,g4-m4-g4-fill-dec,4,M4,4-g4-fill-dec,小数,认识小数的意义、数位和读写方法。,0.06表示几个百分之一？（答案：6个）,,,1,active
g4-fill-tri,g4-m4-g4-fill-tri,4,M4,4-g4-fill-tri,三角形,认识三角形特性，按角或边分类。,三角形的内角和是？（答案：180°）,,,1,active
g4-fill-avg,g4-m4-g4-fill-avg,4,M4,4-g4-fill-avg,平均数,理解平均数的意义及求法。,三科成绩90、80、70的平均分？（答案：80）,,,1,active
g4-match-read,g4-m5-g4-match-read,4,M5,4-g4-match-read,大数与读法连线,把大数与正确的读法连线。,连线：3050000 —— 三百零五万。,,,1,active
g4-match-angle,g4-m5-g4-match-angle,4,M5,4-g4-match-angle,角与度数连线,把角与其度数或名称连线。,连线：直角 —— 90°。,,,1,active
g4-match-shape,g4-m5-g4-match-shape,4,M5,4-g4-match-shape,图形与特征连线,把图形与其特征描述连线。,连线：平行四边形 —— 对边平行且相等。,,,1,active
g4-match-law,g4-m5-g4-match-law,4,M5,4-g4-match-law,运算律与字母表达式连线,把运算律与其字母表达式连线。,连线：乘法分配律 —— a(b+c)=ab+ac。,,,1,active
g4-match-decfrac,g4-m5-g4-match-decfrac,4,M5,4-g4-match-decfrac,小数与分数连线,把小数与相等的分数连线。,连线：0.5 —— 1/2。,,,1,active
g4-draw-protractor,g4-m6-g4-draw-protractor,4,M6,4-g4-draw-protractor,用量角器量角、画角,会用量角器量角和画指定度数的角。,画一个60°的角。,,,1,active
g4-draw-para,g4-m6-g4-draw-para,4,M6,4-g4-draw-para,画平行线、垂线,用直尺和三角板画平行线和垂线。,过直线外一点画它的垂线。,,,1,active
g4-draw-grid,g4-m6-g4-draw-grid,4,M6,4-g4-draw-grid,在方格纸上画平行四边形、梯形,在方格纸上按要求画平行四边形、梯形。,在方格纸上画一个平行四边形。,,,1,active
g4-draw-view,g4-m6-g4-draw-view,4,M6,4-g4-draw-view,观察物体,从不同方向观察同一物体并画出视图。,画出正方体从正面看到的形状。,,,1,active
g4-draw-sym,g4-m6-g4-draw-sym,4,M6,4-g4-draw-sym,画轴对称图形,补全或画出轴对称图形。,画出给定图形的另一半，使它成为轴对称图形。,,,1,active
g4-draw-move,g4-m6-g4-draw-move,4,M6,4-g4-draw-move,图形平移,按要求把图形平移若干格。,把三角形向右平移5格。,,,1,active
g4-pic-segment,g4-m7-g4-pic-segment,4,M7,4-g4-pic-segment,线段图列式（倍数问题）,画线段图分析倍数关系并列式。,甲是乙的3倍，乙是4，甲是多少？（答案：12）,,,1,active
g4-pic-brace,g4-m7-g4-pic-brace,4,M7,4-g4-pic-brace,大括号图列式（加减）,用大括号图表示总数与部分的关系。,两部分共9，一部分是5，另一部分是？（答案：4）,,,1,active
g4-pic-speed,g4-m7-g4-pic-speed,4,M7,4-g4-pic-speed,速度时间路程图,用线段图表示速度×时间=路程。,速度60、时间2，路程？（答案：120）,,,1,active
g4-pic-dec,g4-m7-g4-pic-dec,4,M7,4-g4-pic-dec,小数加减情境图,看图列出小数加减算式。,图：苹果3.5元、梨2元，一共？（答案：5.5元）,,,1,active
g4-word-big,g4-m8-g4-word-big,4,M8,4-g4-word-big,大数应用,对大数进行读写与实际应用。,某省人口约9043万，把它写出来。,,,1,active
g4-word-speed,g4-m8-g4-word-speed,4,M8,4-g4-word-speed,乘法问题（速度×时间=路程）,用速度×时间=路程解决乘法问题。,速度50千米/时，行3时，路程？（答案：150千米）,,,1,active
g4-word-div,g4-m8-g4-word-div,4,M8,4-g4-word-div,除法问题（总量÷份数=每份数）,把总数平均分，用除法解决问题。,120颗糖分给4人，每人？（答案：30颗）,,,1,active
g4-word-price,g4-m8-g4-word-price,4,M8,4-g4-word-price,单价、数量、总价问题,用单价×数量=总价解决购物问题。,每本8元，买5本共？（答案：40元）,,,1,active
g4-word-area,g4-m8-g4-word-area,4,M8,4-g4-word-area,面积问题（公顷/平方千米）,用土地面积单位解决面积问题。,边长100米的正方形地面积是？（答案：1公顷）,,,1,active
g4-word-opt,g4-m8-g4-word-opt,4,M8,4-g4-word-opt,优化问题,合理安排工序，使总时间最少。,煮饭的同时炒菜，怎样安排最省时？,,,1,active
g4-word-cr,g4-m8-g4-word-cr,4,M8,4-g4-word-cr,鸡兔同笼,用假设法解决鸡兔同笼问题。,头10、脚28，鸡兔各几只？（答案：鸡6兔4）,,,1,active
g4-word-dec,g4-m8-g4-word-dec,4,M8,4-g4-word-dec,小数加减问题,解决小数加减法的实际问题。,买笔花3.5元、本子2.8元，共？（答案：6.3元）,,,1,active
g4-word-avg,g4-m8-g4-word-avg,4,M8,4-g4-word-avg,平均数问题,用平均数解决实际问题。,4天分别读10、15、20、15页，平均每天？（答案：15页）,,,1,active
g4-stats-bar,g4-m9-g4-stats-bar,4,M9,4-g4-stats-bar,条形统计图（1 格表示多个单位）,绘制并读取一格代表多个单位的条形统计图。,一格代表5，画出表示20的直条。,,,1,active
g4-stats-double,g4-m9-g4-stats-double,4,M9,4-g4-stats-double,复式条形统计图,在同一图中表示两组数据的复式条形统计图。,画出男女生身高的复式条形图。,,,1,active
g4-stats-avg,g4-m9-g4-stats-avg,4,M9,4-g4-stats-avg,平均数与统计,结合平均数分析统计数据。,两组平均成绩谁更高？,,,1,active
g4-reason-opt,g4-m10-g4-reason-opt,4,M10,4-g4-reason-opt,优化问题（沏茶、烙饼）,用统筹方法使时间最少（沏茶、烙饼）。,烙3张饼最少要几分钟（每面1分）？（答案：3分）,,,1,active
g4-reason-cr,g4-m10-g4-reason-cr,4,M10,4-g4-reason-cr,鸡兔同笼（假设法）,用假设法系统地解决鸡兔同笼。,假设全是鸡，再调整求出兔的只数。,,,1,active
g4-reason-logic,g4-m10-g4-reason-logic,4,M10,4-g4-reason-logic,简单逻辑推理,用列表法等进行简单逻辑推理。,甲、乙、丙各擅长不同项目，推理谁会什么。,,,1,active
g4-judge-read,g4-m11-g4-judge-read,4,M11,4-g4-judge-read,大数读写,判断大数的读、写是否正确。,判断：3000500读作三百万零五百。（对）,,,1,active
g4-judge-law,g4-m11-g4-judge-law,4,M11,4-g4-judge-law,运算律,判断对运算律的应用是否正确。,判断：25×4×25×8=25×(4+8)。（错）,,,1,active
g4-judge-angle,g4-m11-g4-judge-angle,4,M11,4-g4-judge-angle,几何概念,判断角的有关概念。,判断：钝角大于90°。（对）,,,1,active
g4-judge-line,g4-m11-g4-judge-line,4,M11,4-g4-judge-line,线段、射线、直线,判断线段、射线、直线的特征。,判断：射线有一个端点。（对）,,,1,active
g4-judge-quotient,g4-m11-g4-judge-quotient,4,M11,4-g4-judge-quotient,商不变规律,判断商不变规律的表述。,判断：被除数、除数同乘5，商变。（错）,,,1,active
g4-judge-dec,g4-m11-g4-judge-dec,4,M11,4-g4-judge-dec,小数性质,判断小数的性质。,判断：0.3=0.30。（对）,,,1,active
g4-judge-tri,g4-m11-g4-judge-tri,4,M11,4-g4-judge-tri,三角形,判断三角形的分类与性质。,判断：等边三角形是锐角三角形。（对）,,,1,active
g4-judge-stats,g4-m11-g4-judge-stats,4,M11,4-g4-judge-stats,统计,判断统计图相关的说法。,判断：条形图能比较数量多少。（对）,,,1,active
g4-choice-big,g4-m12-g4-choice-big,4,M12,4-g4-choice-big,大数比较,比较亿以内数的大小。,比较304050与340050。（答案：304050<340050）,,,1,active
g4-choice-est,g4-m12-g4-choice-est,4,M12,4-g4-choice-est,乘除法估算,对乘除法进行估算。,估算：298×4≈？（答案：约1200）,,,1,active
g4-choice-angle,g4-m12-g4-choice-angle,4,M12,4-g4-choice-angle,角的认识,选择角的类型或度数。,钟面3时，分针与时针的夹角是？（答案：直角）,,,1,active
g4-choice-shape,g4-m12-g4-choice-shape,4,M12,4-g4-choice-shape,图形特征,选择图形的特征描述。,trapezoid 的中文是？（答案：梯形）,,,1,active
g4-choice-dec,g4-m12-g4-choice-dec,4,M12,4-g4-choice-dec,小数意义,选择小数表示的意义。,0.7表示？（答案：7个0.1）,,,1,active
g4-choice-law,g4-m12-g4-choice-law,4,M12,4-g4-choice-law,运算律应用,选择运用运算律的简便算法。,25×32最简便地写成？（答案：25×4×8）,,,1,active
c1-vertical,g4-c1-c1-vertical,4,C1,4-c1-vertical,竖式数字谜,根据竖式中已知的部分数字，推理填出完整的竖式。,□5+3□=82，求出两个□中的数字。,,,3,active
c1-horizontal,g4-c1-c1-horizontal,4,C1,4-c1-horizontal,横式数字谜,在横式中填入合适的数字，使等式成立。,□+□=9，且两个□中的数字不同。,,,3,active
c1-symbol,g4-c1-c1-symbol,4,C1,4-c1-symbol,符号代表数,用图形或符号代表未知的數字进行推理。,△+△=10，△=?（答案：5）,,,3,active
c1-array,g4-c1-c1-array,4,C1,4-c1-array,数阵图,把数填入图中，使每行、每列的和相等。,在三阶数阵中填1-9，使每行每列和都为15。,,,3,active
c1-magic,g4-c1-c1-magic,4,C1,4-c1-magic,幻方,理解幻方的规律并填数。,完成中间为5的三阶幻方。,,,3,active
c2-parity,g4-c2-c2-parity,4,C2,4-c2-parity,奇偶性与运算规律,利用奇偶性判断运算结果的奇偶。,奇数+奇数=?（答案：偶数）,,,3,active
c2-divisible,g4-c2-c2-divisible,4,C2,4-c2-divisible,整除特征（2/3/5/9）,掌握能被2、3、5、9整除的数的特征。,下列各数中能被3整除的是？（答案：123）,,,3,active
c2-prime,g4-c2-c2-prime,4,C2,4-c2-prime,质数与合数,认识质数与合数，并能判断。,下列各数中是质数的是？（答案：7）,,,3,active
c2-factor,g4-c2-c2-factor,4,C2,4-c2-factor,因数与倍数,理解因数与倍数相互依存的关系。,6的因数有？（答案：1、2、3、6）,,,3,active
c2-remainder,g4-c2-c2-remainder,4,C2,4-c2-remainder,余数问题,解决带余除法的应用问题。,□÷5=3……2，□=?（答案：17）,,,3,active
c2-place,g4-c2-c2-place,4,C2,4-c2-place,位值原理,利用数字所在数位的值进行推理。,一个两位数，十位是个位的2倍，它可能是哪些数？,,,3,active
c3-enum,g4-c3-c3-enum,4,C3,4-c3-enum,枚举法,有次序地一一列举出所有可能。,用1、2、3能组成几个无重复数字的两位数？（答案：6个）,,,3,active
c3-am,g4-c3-c3-am,4,C3,4-c3-am,加法与乘法原理,分类用加法原理，分步用乘法原理计数。,上衣3件、裤子2件，共有几种穿法？（答案：6种）,,,3,active
c3-perm,g4-c3-c3-perm,4,C3,4-c3-perm,排列组合初步,初步认识排列与组合的区别。,从3人中选2人排成一排有几种？（答案：6种）,,,3,active
c3-geomcount,g4-c3-c3-geomcount,4,C3,4-c3-geomcount,几何计数,数出图形中的线段、角、三角形个数。,一条线段上有4个点，共有几条线段？（答案：10条）,,,3,active
c3-worst,g4-c3-c3-worst,4,C3,4-c3-worst,最不利原则,考虑最坏情况，保证结论必然成立。,两色球各若干，至少拿几个保证同色？（答案：3个）,,,3,active
c4-pa,g4-c4-c4-pa,4,C4,4-c4-pa,周长与面积,理解周长与面积的区别与联系。,边长为4的正方形，周长和面积各是？（答案：周长16，面积16）,,,3,active
c4-cutfill,g4-c4-c4-cutfill,4,C4,4-c4-cutfill,割补法,用割补法把不规则图形转化为规则图形求面积。,把不规则图形割补成长方形求面积。,,,3,active
c4-angle,g4-c4-c4-angle,4,C4,4-c4-angle,角度初步,认识角度的计算与和差关系。,∠1+∠2=90°，∠1=30°，∠2=?（答案：60°）,,,3,active
c4-count,g4-c4-c4-count,4,C4,4-c4-count,图形计数,有次序地数出图形的个数。,数出图中三角形的个数。,,,3,active
c4-transform,g4-c4-c4-transform,4,C4,4-c4-transform,平移旋转与对称,认识图形的对称、平移与旋转。,判断下列图形是否轴对称。,,,3,active
c4-solid,g4-c4-c4-solid,4,C4,4-c4-solid,立体图形初步,认识常见立体图形的特征与展开图。,正方体有几个面？（答案：6个）,,,3,active
c5-basic,g4-c5-c5-basic,4,C5,4-c5-basic,基本行程,用路程=速度×时间解决基本行程问题。,速度4米/秒，走10秒，路程？（答案：40米）,,,3,active
c5-meet,g4-c5-c5-meet,4,C5,4-c5-meet,相遇问题,两人相向而行，路程和=速度和×时间。,相距100米，两人速度和10，几秒相遇？（答案：10秒）,,,3,active
c5-chase,g4-c5-c5-chase,4,C5,4-c5-chase,追及问题,同向而行，追及时间=路程差÷速度差。,甲速6、乙速4，相差20米，几秒追上？（答案：10秒）,,,3,active
c5-train,g4-c5-c5-train,4,C5,4-c5-train,火车过桥,考虑车长，路程=桥长+车长。,车长100米过200米桥，完全通过要走？（答案：300米）,,,3,active
c5-river,g4-c5-c5-river,4,C5,4-c5-river,流水行船,顺速=静水速+水速，逆速=静水速-水速。,静水速10、水速2，顺水速度？（答案：12）,,,3,active
c8-extreme,g4-c8-c8-extreme,4,C8,4-c8-extreme,最值问题,求某个量的最大值或最小值。,用1-9各用一次，组成最大的三位数是？（答案：987）,,,3,active
c8-drawer,g4-c8-c8-drawer,4,C8,4-c8-drawer,抽屉原理,物体数比抽屉数多时，必有抽屉含多个物体。,5个苹果放4个抽屉，必有抽屉至少几个？（答案：2个）,,,3,active
c8-logic,g4-c8-c8-logic,4,C8,4-c8-logic,逻辑推理,综合多个条件进行逻辑推理。,三人各说一句话，只有一人说真话，推理出真相。,,,3,active
c9-integrated,g4-c9-c9-integrated,4,C9,4-c9-integrated,综合应用题,综合多个知识点解决较复杂的应用题。,结合分数、比例、几何的综合应用题。,,,3,placeholder
c9-misc,g4-c9-c9-misc,4,C9,4-c9-misc,杂题选讲（统筹/操作）,统筹优化与操作类趣味题选讲。,怎样用天平最省次数找出次品？,,,3,placeholder
c9-mock,g4-c9-c9-mock,4,C9,4-c9-mock,模拟竞赛卷,按竞赛风格组卷进行模拟练习。,完成一份模拟竞赛卷。,,,3,placeholder
g5-oral-decmul,g5-m1-g5-oral-decmul,5,M1,5-g5-oral-decmul,小数乘法口算,小数乘整数或小数的口算。,0.3×4=?（答案：1.2）,,,1,active
g5-oral-decdiv,g5-m1-g5-oral-decdiv,5,M1,5-g5-oral-decdiv,小数除法口算,小数除以整数等简单口算。,0.8÷2=?（答案：0.4）,,,1,active
g5-oral-fracadd,g5-m1-g5-oral-fracadd,5,M1,5-g5-oral-fracadd,同分母分数加减法口算,同分母分数加减法，分母不变分子相加减。,1/5+2/5=?（答案：3/5）,,,1,active
g5-oral-equ,g5-m1-g5-oral-equ,5,M1,5-g5-oral-equ,简易方程口算,口算简单方程中的未知数。,x+3=8，x=?（答案：5）,,,1,active
g5-oral-fm,g5-m1-g5-oral-fm,5,M1,5-g5-oral-fm,因数倍数特征快速判断,快速判断2、3、5的倍数特征。,下列各数中能被2整除的是？（答案：48）,,,1,active
g5-v-decmul,g5-m2-g5-v-decmul,5,M2,5-g5-v-decmul,小数乘法竖式,小数乘小数的竖式计算（数清小数位数）。,0.12×0.3=?（答案：0.036）,,,1,active
g5-v-divint,g5-m2-g5-v-divint,5,M2,5-g5-v-divint,除数是整数的小数除法竖式,小数除以整数的竖式计算。,1.5÷3=?（答案：0.5）,,,1,active
g5-v-ddivdec,g5-m2-g5-v-ddivdec,5,M2,5-g5-v-ddivdec,除数是小数的小数除法竖式,把除数化成整数后再除的小数除法。,1.2÷0.3=?（答案：4）,,,1,active
g5-v-repeating,g5-m2-g5-v-repeating,5,M2,5-g5-v-repeating,循环小数竖式表示,认识循环小数并用简便记法表示。,1÷3=?（答案：0.3…）,,,1,active
g5-mix-decmixed,g5-m3-g5-mix-decmixed,5,M3,5-g5-mix-decmixed,小数四则混合运算,按运算顺序进行小数四则混合运算。,0.5+0.3×2=?（答案：1.1）,,,1,active
g5-mix-fracmixed,g5-m3-g5-mix-fracmixed,5,M3,5-g5-mix-fracmixed,分数加减混合运算,异分母分数通分后进行加减混合。,1/2+1/3=?（答案：5/6）,,,1,active
g5-mix-decsimple,g5-m3-g5-mix-decsimple,5,M3,5-g5-mix-decsimple,运算律推广到小数简便计算,用运算律对小数进行简便计算。,0.25×4.8×4=?（答案：4.8）,,,1,active
g5-mix-fracsimple,g5-m3-g5-mix-fracsimple,5,M3,5-g5-mix-fracsimple,运算律推广到分数简便计算,用运算律对分数进行简便计算。,1/4+2/3+3/4=?（答案：1又2/3）,,,1,active
g5-fill-decloc,g5-m4-g5-fill-decloc,5,M4,5-g5-fill-decloc,小数的计数单位与数位,认识小数的十分位、百分位及计数单位。,0.07的计数单位是？（答案：0.01）,,,1,active
g5-fill-deccmp,g5-m4-g5-fill-deccmp,5,M4,5-g5-fill-deccmp,小数大小比较,按数位比较小数的大小。,比较0.3和0.29。（答案：0.3>0.29）,,,1,active
g5-fill-prodrule,g5-m4-g5-fill-prodrule,5,M4,5-g5-fill-prodrule,积的变化规律,理解一个因数扩大引起积的变化规律。,一个因数×10，另一个不变，积（  ）。（答案：×10）,,,1,active
g5-fill-repeating,g5-m4-g5-fill-repeating,5,M4,5-g5-fill-repeating,循环小数与简便记法,认识循环节并用循环点表示循环小数。,5.2323…的简便记法是？（答案：在23上加点）,,,1,active
g5-fill-equation,g5-m4-g5-fill-equation,5,M4,5-g5-fill-equation,方程概念与等式的性质,理解方程的定义及等式的性质。,下列是方程的是？（答案：x+2=5）,,,1,active
g5-fill-fm,g5-m4-g5-fill-fm,5,M4,5-g5-fill-fm,因数与倍数的概念,理解因数与倍数相互依存的关系。,12是3的（  ）。（答案：倍数）,,,1,active
g5-fill-prime,g5-m4-g5-fill-prime,5,M4,5-g5-fill-prime,质数与合数,按因数个数区分质数与合数。,最小的质数是？（答案：2）,,,1,active
g5-fill-fracmean,g5-m4-g5-fill-fracmean,5,M4,5-g5-fill-fracmean,分数的意义与分数单位,理解单位“1”平均分的分数意义。,3/4的分数单位是？（答案：1/4）,,,1,active
g5-fill-fracprop,g5-m4-g5-fill-fracprop,5,M4,5-g5-fill-fracprop,分数的基本性质（约分、通分）,分子分母同乘同除，分数大小不变。,2/3=（  ）/9。（答案：6）,,,1,active
g5-fill-fracdec,g5-m4-g5-fill-fracdec,5,M4,5-g5-fill-fracdec,分数与小数的互化,分数与小数相互转化。,1/4=?（答案：0.25）,,,1,active
g5-fill-coord,g5-m4-g5-fill-coord,5,M4,5-g5-fill-coord,数对的含义,用（列，行）这样有序数对确定位置。,"第3列第2行记作？（答案：(3,2)）",,,1,active
g5-fill-area,g5-m4-g5-fill-area,5,M4,5-g5-fill-area,多边形面积公式,掌握平行四边形、三角形、梯形的面积计算。,底5、高4的三角形面积？（答案：10）,,,1,active
g5-fill-solid,g5-m4-g5-fill-solid,5,M4,5-g5-fill-solid,长方体正方体特征与公式,认识长方体、正方体特征及表面积、体积公式。,棱长2的正方体体积？（答案：8）,,,1,active
g5-fill-rotate,g5-m4-g5-fill-rotate,5,M4,5-g5-fill-rotate,旋转三要素,认识旋转的中心、方向、角度三要素。,图形绕点O顺时针转90°，三要素是？（答案：中心、方向、角度）,,,1,active
g5-fill-possible,g5-m4-g5-fill-possible,5,M4,5-g5-fill-possible,可能性描述,用一定、可能、不可能描述事件。,太阳从西边升起是？（答案：不可能）,,,1,active
g5-fill-linechart,g5-m4-g5-fill-linechart,5,M4,5-g5-fill-linechart,折线统计图特点,认识折线统计图反映增减变化的特点。,要表示气温变化用（  ）统计图。（答案：折线）,,,1,active
g5-match-areaf,g5-m5-g5-match-areaf,5,M5,5-g5-match-areaf,图形与面积公式连线,把图形与面积公式连线。,连线：三角形 —— 底×高÷2。,,,1,active
g5-match-solid,g5-m5-g5-match-solid,5,M5,5-g5-match-solid,立体图形特征连线,把立体图形与特征连线。,连线：正方体 —— 6个完全相同的正方形面。,,,1,active
g5-match-possib,g5-m5-g5-match-possib,5,M5,5-g5-match-possib,事件与可能性描述连线,把事件与可能性词语连线。,连线：抛硬币正面 —— 可能。,,,1,active
g5-match-equ,g5-m5-g5-match-equ,5,M5,5-g5-match-equ,方程与解连线,把方程与它的解连线。,连线：x+1=3 —— x=2。,,,1,active
g5-match-fracdec,g5-m5-g5-match-fracdec,5,M5,5-g5-match-fracdec,分数与小数连线,把分数与相等的小数连线。,连线：3/10 —— 0.3。,,,1,active
g5-draw-rotate,g5-m6-g5-draw-rotate,5,M6,5-g5-draw-rotate,画旋转后的图形,按要求画出图形旋转后的位置。,把三角形绕点O顺时针旋转90°。,,,1,active
g5-draw-observe,g5-m6-g5-draw-observe,5,M6,5-g5-draw-observe,观察物体（三）,从三视图想象并画出立体图形。,给出三视图，还原小正方体的搭法。,,,1,active
g5-draw-height,g5-m6-g5-draw-height,5,M6,5-g5-draw-height,画多边形的高,从顶点向对边画垂线段作高。,画出平行四边形的高。,,,1,active
g5-draw-sym,g5-m6-g5-draw-sym,5,M6,5-g5-draw-sym,补全轴对称图形,根据对称轴补全另一半图形。,补全给定的轴对称图形。,,,1,active
g5-draw-coord,g5-m6-g5-draw-coord,5,M6,5-g5-draw-coord,用数对表示位置,在方格图上用数对标出位置。,"标出（4,3）所在的位置。",,,1,active
g5-draw-net,g5-m6-g5-draw-net,5,M6,5-g5-draw-net,长方体展开图,认识并画出长方体的展开图。,判断哪个是长方体的展开图。,,,1,active
g5-pic-balance,g5-m7-g5-pic-balance,5,M7,5-g5-pic-balance,天平平衡图（列方程）,根据天平平衡列出等量方程。,天平左为x、右为5，方程是？（答案：x=5）,,,1,active
g5-pic-area,g5-m7-g5-pic-area,5,M7,5-g5-pic-area,多边形面积图,看图求组合图形的面积。,看图计算阴影部分的面积。,,,1,active
g5-pic-segment,g5-m7-g5-pic-segment,5,M7,5-g5-pic-segment,线段图（小数倍数）,用线段图分析小数倍数关系。,甲是乙的1.5倍，乙是4，甲？（答案：6）,,,1,active
g5-pic-tree,g5-m7-g5-pic-tree,5,M7,5-g5-pic-tree,植树问题示意图,用示意图分析植树问题的间隔。,路长20米、每5米一棵，两端都种共几棵？（答案：5棵）,,,1,active
g5-word-decmul,g5-m8-g5-word-decmul,5,M8,5-g5-word-decmul,小数乘法应用题,解决小数乘法的实际问题。,每千克2.5元，买3千克需？（答案：7.5元）,,,1,active
g5-word-decdiv,g5-m8-g5-word-decdiv,5,M8,5-g5-word-decdiv,小数除法应用题（进一法、去尾法）,用进一法或去尾法取小数除法的近似值。,每瓶0.4升，2升可装几瓶？（答案：5瓶，进一法）,,,1,active
g5-word-equ,g5-m8-g5-word-equ,5,M8,5-g5-word-equ,列方程解决问题,设未知数，列方程解应用题。,一个数的3倍多2是11，求这个数。（答案：3）,,,1,active
g5-word-fm,g5-m8-g5-word-fm,5,M8,5-g5-word-fm,因数与倍数简单应用,用因数与倍数解决简单问题。,每组6人正好分完，总人数可能是多少？（答案：6的倍数）,,,1,active
g5-word-frac,g5-m8-g5-word-frac,5,M8,5-g5-word-frac,分数加减法应用题,解决分数加减法的实际问题。,一根绳用去1/3，还剩几分之几？（答案：2/3）,,,1,active
g5-word-area,g5-m8-g5-word-area,5,M8,5-g5-word-area,多边形面积应用题,用面积公式解决实际问题。,梯形上底3、下底5、高4，面积？（答案：16）,,,1,active
g5-word-solid,g5-m8-g5-word-solid,5,M8,5-g5-word-solid,长方体正方体应用题,解决长方体、正方体表面积体积实际问题。,棱长3的正方体表面积？（答案：54）,,,1,active
g5-word-possib,g5-m8-g5-word-possib,5,M8,5-g5-word-possib,可能性问题,计算简单事件发生的可能性。,袋中3红1白，摸到红球的可能性？（答案：3/4）,,,1,active
g5-word-linechart,g5-m8-g5-word-linechart,5,M8,5-g5-word-linechart,折线统计图分析,读取折线统计图并回答变化问题。,根据气温折线图回答最高气温。,,,1,active
g5-word-tree,g5-m8-g5-word-tree,5,M8,5-g5-word-tree,植树问题,掌握植树问题的三种情形。,环形路上栽树，棵数=？（答案：段数）,,,1,active
g5-word-defect,g5-m8-g5-word-defect,5,M8,5-g5-word-defect,找次品,用天平最少次数找出次品。,9个物品中有1个较轻，至少称几次？（答案：2次）,,,1,active
g5-stats-possib,g5-m9-g5-stats-possib,5,M9,5-g5-stats-possib,可能性大小比较,比较不同事件发生可能性的大小。,哪种颜色的球多，摸到它的可能性就大。,,,1,active
g5-stats-line1,g5-m9-g5-stats-line1,5,M9,5-g5-stats-line1,单式折线统计图,绘制单条折线统计图。,根据月销量数据画折线图。,,,1,active
g5-stats-line2,g5-m9-g5-stats-line2,5,M9,5-g5-stats-line2,复式折线统计图,在同一图中画两组数据的复式折线统计图。,画出甲、乙两人成绩的复式折线图。,,,1,active
g5-reason-tree3,g5-m10-g5-reason-tree3,5,M10,5-g5-reason-tree3,植树问题（三种情况）,区分植树问题两端都种、只种一端、两端不种。,两端都不种时，棵数=段数-1。,,,1,active
g5-reason-defect,g5-m10-g5-reason-defect,5,M10,5-g5-reason-defect,找次品（天平称量）,用天平分组称量找出次品。,从8个物品中找1个次品，至少称几次？（答案：2次）,,,1,active
g5-reason-logic,g5-m10-g5-reason-logic,5,M10,5-g5-reason-logic,逻辑推理,用列表等方法进行逻辑推理。,三人各爱好不同，推理各自的爱好。,,,1,active
g5-reason-seq,g5-m10-g5-reason-seq,5,M10,5-g5-reason-seq,数字推理,寻找数列的规律并填数。,"2, 4, 8, 16, （  ）。（答案：32）",,,1,active
g5-judge-decmul,g5-m11-g5-judge-decmul,5,M11,5-g5-judge-decmul,小数乘除法,判断小数乘除的计算正误。,判断：0.2×0.3=0.6。（错，应为0.06）,,,1,active
g5-judge-equ,g5-m11-g5-judge-equ,5,M11,5-g5-judge-equ,方程概念,判断哪些式子是方程。,判断：3+5=8是方程。（错）,,,1,active
g5-judge-fm,g5-m11-g5-judge-fm,5,M11,5-g5-judge-fm,因数与倍数,判断因数与倍数相关的说法。,判断：1是所有非零自然数的因数。（对）,,,1,active
g5-judge-frac,g5-m11-g5-judge-frac,5,M11,5-g5-judge-frac,分数的意义与性质,判断分数的意义与基本性质。,判断：2/3=4/6。（对）,,,1,active
g5-judge-area,g5-m11-g5-judge-area,5,M11,5-g5-judge-area,多边形面积,判断面积公式与计算。,判断：三角形面积=底×高。（错，应÷2）,,,1,active
g5-judge-solid,g5-m11-g5-judge-solid,5,M11,5-g5-judge-solid,长方体正方体,判断立体图形的特征。,判断：正方体是特殊的长方体。（对）,,,1,active
g5-judge-rotate,g5-m11-g5-judge-rotate,5,M11,5-g5-judge-rotate,图形的运动,判断图形的运动方式。,判断：风车转动是旋转。（对）,,,1,active
g5-judge-possib,g5-m11-g5-judge-possib,5,M11,5-g5-judge-possib,可能性,判断可能性的描述正误。,判断：明天一定下雨。（错）,,,1,active
g5-judge-stats,g5-m11-g5-judge-stats,5,M11,5-g5-judge-stats,统计,判断统计图表相关的说法。,判断：折线图能看变化趋势。（对）,,,1,active
g5-choice-decmul,g5-m12-g5-choice-decmul,5,M12,5-g5-choice-decmul,小数乘除法,选择小数乘除的正确结果。,0.4×0.2=?（答案：0.08）,,,1,active
g5-choice-equ,g5-m12-g5-choice-equ,5,M12,5-g5-choice-equ,方程,选择正确方程或其解。,x-2=5，x=?（答案：7）,,,1,active
g5-choice-fm,g5-m12-g5-choice-fm,5,M12,5-g5-choice-fm,因数与倍数,选择因数与倍数的正确结论。,下列各数是合数的是？（答案：9）,,,1,active
g5-choice-frac,g5-m12-g5-choice-frac,5,M12,5-g5-choice-frac,分数的意义与性质,选择分数相关的正确表述。,与2/5相等的是？（答案：4/10）,,,1,active
g5-choice-area,g5-m12-g5-choice-area,5,M12,5-g5-choice-area,多边形的面积,选择面积计算的正确结果。,底6、高3的平行四边形面积？（答案：18）,,,1,active
g5-choice-solid,g5-m12-g5-choice-solid,5,M12,5-g5-choice-solid,长方体正方体容积,选择长方体、正方体体积（容积）的正确计算。,长、宽、高2、3、4的长方体体积？（答案：24）,,,1,active
g5-choice-rotate,g5-m12-g5-choice-rotate,5,M12,5-g5-choice-rotate,图形的运动,选择图形的运动方式判断。,电梯上下运动是？（答案：平移）,,,1,active
g5-choice-possib,g5-m12-g5-choice-possib,5,M12,5-g5-choice-possib,可能性,选择可能性大小的判断。,抛硬币正面朝上的可能性？（答案：1/2）,,,1,active
g5-choice-stats,g5-m12-g5-choice-stats,5,M12,5-g5-choice-stats,统计,选择合适的统计图类型。,比较各月销量用？（答案：条形统计图）,,,1,active
c1-vertical,g5-c1-c1-vertical,5,C1,5-c1-vertical,竖式数字谜,根据竖式中已知的部分数字，推理填出完整的竖式。,□5+3□=82，求出两个□中的数字。,,,4,active
c1-horizontal,g5-c1-c1-horizontal,5,C1,5-c1-horizontal,横式数字谜,在横式中填入合适的数字，使等式成立。,□+□=9，且两个□中的数字不同。,,,4,active
c1-symbol,g5-c1-c1-symbol,5,C1,5-c1-symbol,符号代表数,用图形或符号代表未知的數字进行推理。,△+△=10，△=?（答案：5）,,,4,active
c1-array,g5-c1-c1-array,5,C1,5-c1-array,数阵图,把数填入图中，使每行、每列的和相等。,在三阶数阵中填1-9，使每行每列和都为15。,,,4,active
c1-magic,g5-c1-c1-magic,5,C1,5-c1-magic,幻方,理解幻方的规律并填数。,完成中间为5的三阶幻方。,,,4,active
c2-parity,g5-c2-c2-parity,5,C2,5-c2-parity,奇偶性与运算规律,利用奇偶性判断运算结果的奇偶。,奇数+奇数=?（答案：偶数）,,,4,active
c2-divisible,g5-c2-c2-divisible,5,C2,5-c2-divisible,整除特征（2/3/5/9）,掌握能被2、3、5、9整除的数的特征。,下列各数中能被3整除的是？（答案：123）,,,4,active
c2-prime,g5-c2-c2-prime,5,C2,5-c2-prime,质数与合数,认识质数与合数，并能判断。,下列各数中是质数的是？（答案：7）,,,4,active
c2-factor,g5-c2-c2-factor,5,C2,5-c2-factor,因数与倍数,理解因数与倍数相互依存的关系。,6的因数有？（答案：1、2、3、6）,,,4,active
c2-remainder,g5-c2-c2-remainder,5,C2,5-c2-remainder,余数问题,解决带余除法的应用问题。,□÷5=3……2，□=?（答案：17）,,,4,active
c2-place,g5-c2-c2-place,5,C2,5-c2-place,位值原理,利用数字所在数位的值进行推理。,一个两位数，十位是个位的2倍，它可能是哪些数？,,,4,active
c3-enum,g5-c3-c3-enum,5,C3,5-c3-enum,枚举法,有次序地一一列举出所有可能。,用1、2、3能组成几个无重复数字的两位数？（答案：6个）,,,4,active
c3-am,g5-c3-c3-am,5,C3,5-c3-am,加法与乘法原理,分类用加法原理，分步用乘法原理计数。,上衣3件、裤子2件，共有几种穿法？（答案：6种）,,,4,active
c3-perm,g5-c3-c3-perm,5,C3,5-c3-perm,排列组合初步,初步认识排列与组合的区别。,从3人中选2人排成一排有几种？（答案：6种）,,,4,active
c3-geomcount,g5-c3-c3-geomcount,5,C3,5-c3-geomcount,几何计数,数出图形中的线段、角、三角形个数。,一条线段上有4个点，共有几条线段？（答案：10条）,,,4,active
c3-worst,g5-c3-c3-worst,5,C3,5-c3-worst,最不利原则,考虑最坏情况，保证结论必然成立。,两色球各若干，至少拿几个保证同色？（答案：3个）,,,4,active
c5-basic,g5-c5-c5-basic,5,C5,5-c5-basic,基本行程,用路程=速度×时间解决基本行程问题。,速度4米/秒，走10秒，路程？（答案：40米）,,,4,active
c5-meet,g5-c5-c5-meet,5,C5,5-c5-meet,相遇问题,两人相向而行，路程和=速度和×时间。,相距100米，两人速度和10，几秒相遇？（答案：10秒）,,,4,active
c5-chase,g5-c5-c5-chase,5,C5,5-c5-chase,追及问题,同向而行，追及时间=路程差÷速度差。,甲速6、乙速4，相差20米，几秒追上？（答案：10秒）,,,4,active
c5-train,g5-c5-c5-train,5,C5,5-c5-train,火车过桥,考虑车长，路程=桥长+车长。,车长100米过200米桥，完全通过要走？（答案：300米）,,,4,active
c5-river,g5-c5-c5-river,5,C5,5-c5-river,流水行船,顺速=静水速+水速，逆速=静水速-水速。,静水速10、水速2，顺水速度？（答案：12）,,,4,active
c4-pa,g5-c4-c4-pa,5,C4,5-c4-pa,周长与面积,理解周长与面积的区别与联系。,边长为4的正方形，周长和面积各是？（答案：周长16，面积16）,,,4,active
c4-cutfill,g5-c4-c4-cutfill,5,C4,5-c4-cutfill,割补法,用割补法把不规则图形转化为规则图形求面积。,把不规则图形割补成长方形求面积。,,,4,active
c4-angle,g5-c4-c4-angle,5,C4,5-c4-angle,角度初步,认识角度的计算与和差关系。,∠1+∠2=90°，∠1=30°，∠2=?（答案：60°）,,,4,active
c4-count,g5-c4-c4-count,5,C4,5-c4-count,图形计数,有次序地数出图形的个数。,数出图中三角形的个数。,,,4,active
c4-transform,g5-c4-c4-transform,5,C4,5-c4-transform,平移旋转与对称,认识图形的对称、平移与旋转。,判断下列图形是否轴对称。,,,4,active
c4-solid,g5-c4-c4-solid,5,C4,5-c4-solid,立体图形初步,认识常见立体图形的特征与展开图。,正方体有几个面？（答案：6个）,,,4,active
c6-work,g5-c6-c6-work,5,C6,5-c6-work,工程问题,把总工作量看成单位1，合作效率=效率和，合作时间=1÷效率和。,甲6天、乙3天完成，合作几天？（答案：2天）,,,4,active
c6-concentration,g5-c6-c6-concentration,5,C6,5-c6-concentration,浓度问题,含盐率=盐重÷盐水总重，混合与稀释均按此计算。,100克10%盐水加100克水，含盐率？（答案：5%）,,,4,active
c7-telescope,g5-c7-c7-telescope,5,C7,5-c7-telescope,裂项相消,把每一项拆成两个分数之差，相加时首尾相消。,1/(1×2)+1/(2×3)+…+1/(9×10)=?（答案：9/10）,,,4,active
c7-complex,g5-c7-c7-complex,5,C7,5-c7-complex,繁分数化简,多层分式从最里层逐层通分，除以分数等于乘它的倒数。,1÷(2+1/3)=?（答案：3/7）,,,4,active
c7-clever,g5-c7-c7-clever,5,C7,5-c7-clever,分数巧算,提取公因数、连乘约分、等比凑整等速算技巧。,(1-1/2)×(1-1/3)×…×(1-1/10)=?（答案：1/10）,,,4,active
c7-pattern,g5-c7-c7-pattern,5,C7,5-c7-pattern,分数数列规律,由前几项归纳通项公式，再求指定项。,1/2、2/3、3/4、4/5…第10项是?（答案：10/11）,,,4,active
g6-oral-frac-mult-int,g6-m1-g6-oral-frac-mult-int,6,M1,6-g6-oral-frac-mult-int,分数乘整数,分数乘整数，分子乘整数、分母不变。,2/3×4=?（答案：8/3）,,,1,active
g6-oral-frac-mult-frac,g6-m1-g6-oral-frac-mult-frac,6,M1,6-g6-oral-frac-mult-frac,分数乘分数,分数乘分数，分子乘分子、分母乘分母。,1/2×1/3=?（答案：1/6）,,,1,active
g6-oral-frac-div-int,g6-m1-g6-oral-frac-div-int,6,M1,6-g6-oral-frac-div-int,分数除以整数,分数除以整数等于乘这个整数的倒数。,2/3÷2=?（答案：1/3）,,,1,active
g6-oral-frac-div-frac,g6-m1-g6-oral-frac-div-frac,6,M1,6-g6-oral-frac-div-frac,一个数除以分数,一个数除以分数等于乘这个分数的倒数。,2/3÷1/2=?（答案：4/3）,,,1,active
g6-oral-dec-perc,g6-m1-g6-oral-dec-perc,6,M1,6-g6-oral-dec-perc,小数与百分数互化,小数化百分数乘100加%，反之除以100。,0.25=?（答案：25%）,,,1,active
g6-oral-ratio-simp,g6-m1-g6-oral-ratio-simp,6,M1,6-g6-oral-ratio-simp,求比值与化简比,求比值用前项除以后项，化简比化为最简整数比。,2:4化简是？（答案：1:2）,,,1,active
g6-oral-neg-add-sub,g6-m1-g6-oral-neg-add-sub,6,M1,6-g6-oral-neg-add-sub,负数加减,在直线上理解正负数的加减。,-3+5=?（答案：2）,,,1,active
g6-calc-dec-mult,g6-m2-g6-calc-dec-mult,6,M2,6-g6-calc-dec-mult,小数乘法笔算,小数乘小数的笔算（正确点小数点）。,0.25×0.4=?（答案：0.1）,,,1,active
g6-calc-dec-div,g6-m2-g6-calc-dec-div,6,M2,6-g6-calc-dec-div,小数除法笔算,小数除法的笔算方法。,4.2÷0.6=?（答案：7）,,,1,active
g6-calc-frac-mult-div,g6-m2-g6-calc-frac-mult-div,6,M2,6-g6-calc-frac-mult-div,分数乘除笔算,分数乘除法的计算。,3/4÷2/3=?（答案：9/8）,,,1,active
g6-calc-solve-proportion,g6-m2-g6-calc-solve-proportion,6,M2,6-g6-calc-solve-proportion,解比例,用比例的基本性质解未知项。,2:3=x:6，x=?（答案：4）,,,1,active
g6-mixed-frac-order,g6-m3-g6-mixed-frac-order,6,M3,6-g6-mixed-frac-order,分数四则混合运算,分数加减乘除混合按运算顺序计算。,1/2+1/3×3=?（答案：1.5）,,,1,active
g6-mixed-frac-simple,g6-m3-g6-mixed-frac-simple,6,M3,6-g6-mixed-frac-simple,分数简便运算（乘法分配律等）,用运算律对分数进行简便计算。,1/2×3+1/2×5=?（答案：4）,,,1,active
g6-mixed-solve-equation,g6-m3-g6-mixed-solve-equation,6,M3,6-g6-mixed-solve-equation,解方程（含分数系数）,解含分数系数的方程。,x/2=3，x=?（答案：6）,,,1,active
g6-fill-negative,g6-m4-g6-fill-negative,6,M4,6-g6-fill-negative,负数的意义与读写,认识负数表示相反意义的量。,-5读作？（答案：负五）,,,1,active
g6-fill-percent,g6-m4-g6-fill-percent,6,M4,6-g6-fill-percent,百分数的意义、互化与折扣,理解百分数、与分数小数互化及折扣。,八折=?（答案：80%）,,,1,active
g6-fill-ratio,g6-m4-g6-fill-ratio,6,M4,6-g6-fill-ratio,比和比例的基本性质,比的前项后项同乘除值不变；比例两内项积=两外项积。,3:4=6:（  ）。（答案：8）,,,1,active
g6-fill-circle,g6-m4-g6-fill-circle,6,M4,6-g6-fill-circle,圆的周长与面积公式,掌握圆的周长 C=πd=2πr 与面积 S=πr²。,r=1的圆面积？（答案：π）,,,1,active
g6-fill-cylinder-cone,g6-m4-g6-fill-cylinder-cone,6,M4,6-g6-fill-cylinder-cone,圆柱侧面积、表面积、体积与圆锥体积,掌握圆柱表面积与体积、圆锥体积公式。,r=1、h=3的圆柱体积？（答案：3π）,,,1,active
g6-fill-pie-chart,g6-m4-g6-fill-pie-chart,6,M4,6-g6-fill-pie-chart,扇形统计图的特点,用扇形表示各部分占总体的百分比。,扇形统计图能看出？（答案：各部分占比）,,,1,active
g6-fill-unit-convert,g6-m4-g6-fill-unit-convert,6,M4,6-g6-fill-unit-convert,单位换算,进行常用单位间的换算。,2米=?厘米（答案：200厘米）,,,1,active
g6-match-proportion,g6-m5-g6-match-proportion,6,M5,6-g6-match-proportion,正比例与反比例判断,比值一定为正比例，乘积一定为反比例。,速度一定，路程与时间成？（答案：正比例）,,,1,active
g6-match-formula,g6-m5-g6-match-formula,6,M5,6-g6-match-formula,图形与公式配对,把图形与面积公式配对。,连线：圆 —— πr²。,,,1,active
g6-match-chart,g6-m5-g6-match-chart,6,M5,6-g6-match-chart,统计图类型与特点配对,把统计图与特点配对。,连线：扇形图 —— 表示占比。,,,1,active
g6-op-circle,g6-m6-g6-op-circle,6,M6,6-g6-op-circle,画圆与圆的认识,用圆规画圆，认识圆心、半径、直径。,圆规两脚间的距离是？（答案：半径）,,,1,active
g6-op-symmetry,g6-m6-g6-op-symmetry,6,M6,6-g6-op-symmetry,画对称轴,画出轴对称图形的对称轴。,圆有（  ）条对称轴。（答案：无数条）,,,1,active
g6-op-rotate-scale,g6-m6-g6-op-rotate-scale,6,M6,6-g6-op-rotate-scale,图形旋转与放大缩小,按要求旋转或按比例放大、缩小图形。,把图形放大2倍。,,,1,active
g6-op-position,g6-m6-g6-op-position,6,M6,6-g6-op-position,用方向和距离确定位置,用方向（角度）加距离描述位置。,北偏东30°方向500米处。,,,1,active
g6-pic-frac-line,g6-m7-g6-pic-frac-line,6,M7,6-g6-pic-frac-line,分数应用题线段图,用线段图分析分数乘除法问题。,甲比乙多1/3，乙是6，甲？（答案：8）,,,1,active
g6-pic-pie-chart,g6-m7-g6-pic-pie-chart,6,M7,6-g6-pic-pie-chart,扇形统计图看图计算,根据扇形统计图求部分数量。,总数200、占25%的部分是？（答案：50）,,,1,active
g6-pic-scale,g6-m7-g6-pic-scale,6,M7,6-g6-pic-scale,比例尺图,理解比例尺=图上距离:实际距离。,比例尺1:1000，图上1厘米代表实际？（答案：10米）,,,1,active
g6-app-frac-mult,g6-m8-g6-app-frac-mult,6,M8,6-g6-app-frac-mult,求一个数的几分之几是多少（分数乘法）,用乘法求一个数的几分之几是多少。,100的1/4是？（答案：25）,,,1,active
g6-app-frac-div,g6-m8-g6-app-frac-div,6,M8,6-g6-app-frac-div,已知一个数的几分之几求这个数（分数除法）,用除法求单位“1”（已知几分之几求原数）。,一个数的1/3是4，这个数？（答案：12）,,,1,active
g6-app-percent-discount,g6-m8-g6-app-percent-discount,6,M8,6-g6-app-percent-discount,折扣、成数、税率、利率百分数应用,解决折扣、成数、税率、利率等百分数问题。,打八折、原价100，实付？（答案：80）,,,1,active
g6-app-ratio-prop,g6-m8-g6-app-ratio-prop,6,M8,6-g6-app-ratio-prop,比和比例的应用（比例尺、按比例分配、用比例解）,用比和比例解决实际问题（按比例分配、用比例解）。,按2:3分100，两份各是？（答案：40和60）,,,1,active
g6-app-circle,g6-m8-g6-app-circle,6,M8,6-g6-app-circle,圆的周长和面积应用,解决圆的实际问题。,半径2的圆周长？（答案：4π）,,,1,active
g6-app-cyl-cone,g6-m8-g6-app-cyl-cone,6,M8,6-g6-app-cyl-cone,圆柱圆锥体积与表面积应用,解决圆柱、圆锥的实际问题。,r=1、h=3的圆锥体积？（答案：π）,,,1,active
g6-app-travel-work,g6-m8-g6-app-travel-work,6,M8,6-g6-app-travel-work,行程、工程问题（分数除法应用）,用分数除法解决行程、工程问题。,甲效1/10、乙效1/15，合作需？（答案：6天）,,,1,active
g6-app-pigeonhole,g6-m8-g6-app-pigeonhole,6,M8,6-g6-app-pigeonhole,鸽巢问题简单应用,用抽屉原理说明必有重复。,5个人分4种血型，至少有2人同血型。,,,1,active
g6-stat-pie-chart,g6-m9-g6-stat-pie-chart,6,M9,6-g6-stat-pie-chart,扇形统计图的选择与读图,会选择并读取扇形统计图的信息。,读出各部分所占的百分比。,,,1,active
g6-stat-possibility,g6-m9-g6-stat-possibility,6,M9,6-g6-stat-possibility,可能性大小判断,判断事件发生可能性的大小。,必然事件的可能性是？（答案：1）,,,1,active
g6-reason-number-shape,g6-m10-g6-reason-number-shape,6,M10,6-g6-reason-number-shape,数与形规律（连续奇数求和、图形规律）,发现数与形结合的规律。,1+3+5+7=?（答案：16，即4²）,,,1,active
g6-reason-pigeonhole,g6-m10-g6-reason-pigeonhole,6,M10,6-g6-reason-pigeonhole,鸽巢问题（抽屉原理）,运用抽屉原理进行证明。,13个人中至少有几人生肖相同？（答案：2人）,,,1,active
g6-judge-circle,g6-m11-g6-judge-circle,6,M11,6-g6-judge-circle,圆的概念辨析,判断圆的相关概念。,判断：半径是直径的一半。（对）,,,1,active
g6-judge-cyl-cone,g6-m11-g6-judge-cyl-cone,6,M11,6-g6-judge-cyl-cone,圆柱圆锥体积关系,判断等底等高圆柱与圆锥的体积关系。,判断：圆锥体积是圆柱的1/3。（对）,,,1,active
g6-judge-negative,g6-m11-g6-judge-negative,6,M11,6-g6-judge-negative,负数大小比较,比较负数的大小（绝对值大的反而小）。,比较-3和-5。（答案：-3>-5）,,,1,active
g6-judge-percent-ratio,g6-m11-g6-judge-percent-ratio,6,M11,6-g6-judge-percent-ratio,百分数与比的性质,判断百分数与比的性质。,判断：20%=1:5。（对）,,,1,active
g6-judge-chart,g6-m11-g6-judge-chart,6,M11,6-g6-judge-chart,统计图特点辨析,判断各统计图的特点。,判断：条形图表示变化趋势。（错，应为折线图）,,,1,active
g6-choice-negative,g6-m12-g6-choice-negative,6,M12,6-g6-choice-negative,负数比较与数轴,在数轴上比较负数的大小。,-2在-1的（  ）边。（答案：左）,,,1,active
g6-choice-percent,g6-m12-g6-choice-percent,6,M12,6-g6-choice-percent,分数百分数互化与比较,比较分数与百分数。,25%与1/4比较？（答案：相等）,,,1,active
g6-choice-circle,g6-m12-g6-choice-circle,6,M12,6-g6-choice-circle,圆的计算选择题,选择圆的计算正确结果。,d=2的圆周长？（答案：2π）,,,1,active
g6-choice-cyl-cone,g6-m12-g6-choice-cyl-cone,6,M12,6-g6-choice-cyl-cone,圆柱圆锥计算选择题,选择圆柱、圆锥计算正确结果。,r=1、h=3的圆柱体积？（答案：3π）,,,1,active
g6-choice-chart,g6-m12-g6-choice-chart,6,M12,6-g6-choice-chart,统计图选择,选择合适的统计图。,表示各部分占比用？（答案：扇形统计图）,,,1,active
c1-vertical,g6-c1-c1-vertical,6,C1,6-c1-vertical,竖式数字谜,根据竖式中已知的部分数字，推理填出完整的竖式。,□5+3□=82，求出两个□中的数字。,,,5,active
c1-horizontal,g6-c1-c1-horizontal,6,C1,6-c1-horizontal,横式数字谜,在横式中填入合适的数字，使等式成立。,□+□=9，且两个□中的数字不同。,,,5,active
c1-symbol,g6-c1-c1-symbol,6,C1,6-c1-symbol,符号代表数,用图形或符号代表未知的數字进行推理。,△+△=10，△=?（答案：5）,,,5,active
c1-array,g6-c1-c1-array,6,C1,6-c1-array,数阵图,把数填入图中，使每行、每列的和相等。,在三阶数阵中填1-9，使每行每列和都为15。,,,5,active
c1-magic,g6-c1-c1-magic,6,C1,6-c1-magic,幻方,理解幻方的规律并填数。,完成中间为5的三阶幻方。,,,5,active
c2-parity,g6-c2-c2-parity,6,C2,6-c2-parity,奇偶性与运算规律,利用奇偶性判断运算结果的奇偶。,奇数+奇数=?（答案：偶数）,,,5,active
c2-divisible,g6-c2-c2-divisible,6,C2,6-c2-divisible,整除特征（2/3/5/9）,掌握能被2、3、5、9整除的数的特征。,下列各数中能被3整除的是？（答案：123）,,,5,active
c2-prime,g6-c2-c2-prime,6,C2,6-c2-prime,质数与合数,认识质数与合数，并能判断。,下列各数中是质数的是？（答案：7）,,,5,active
c2-factor,g6-c2-c2-factor,6,C2,6-c2-factor,因数与倍数,理解因数与倍数相互依存的关系。,6的因数有？（答案：1、2、3、6）,,,5,active
c2-remainder,g6-c2-c2-remainder,6,C2,6-c2-remainder,余数问题,解决带余除法的应用问题。,□÷5=3……2，□=?（答案：17）,,,5,active
c2-place,g6-c2-c2-place,6,C2,6-c2-place,位值原理,利用数字所在数位的值进行推理。,一个两位数，十位是个位的2倍，它可能是哪些数？,,,5,active
c3-enum,g6-c3-c3-enum,6,C3,6-c3-enum,枚举法,有次序地一一列举出所有可能。,用1、2、3能组成几个无重复数字的两位数？（答案：6个）,,,5,active
c3-am,g6-c3-c3-am,6,C3,6-c3-am,加法与乘法原理,分类用加法原理，分步用乘法原理计数。,上衣3件、裤子2件，共有几种穿法？（答案：6种）,,,5,active
c3-perm,g6-c3-c3-perm,6,C3,6-c3-perm,排列组合初步,初步认识排列与组合的区别。,从3人中选2人排成一排有几种？（答案：6种）,,,5,active
c3-geomcount,g6-c3-c3-geomcount,6,C3,6-c3-geomcount,几何计数,数出图形中的线段、角、三角形个数。,一条线段上有4个点，共有几条线段？（答案：10条）,,,5,active
c3-worst,g6-c3-c3-worst,6,C3,6-c3-worst,最不利原则,考虑最坏情况，保证结论必然成立。,两色球各若干，至少拿几个保证同色？（答案：3个）,,,5,active
c5-basic,g6-c5-c5-basic,6,C5,6-c5-basic,基本行程,用路程=速度×时间解决基本行程问题。,速度4米/秒，走10秒，路程？（答案：40米）,,,5,active
c5-meet,g6-c5-c5-meet,6,C5,6-c5-meet,相遇问题,两人相向而行，路程和=速度和×时间。,相距100米，两人速度和10，几秒相遇？（答案：10秒）,,,5,active
c5-chase,g6-c5-c5-chase,6,C5,6-c5-chase,追及问题,同向而行，追及时间=路程差÷速度差。,甲速6、乙速4，相差20米，几秒追上？（答案：10秒）,,,5,active
c5-train,g6-c5-c5-train,6,C5,6-c5-train,火车过桥,考虑车长，路程=桥长+车长。,车长100米过200米桥，完全通过要走？（答案：300米）,,,5,active
c5-river,g6-c5-c5-river,6,C5,6-c5-river,流水行船,顺速=静水速+水速，逆速=静水速-水速。,静水速10、水速2，顺水速度？（答案：12）,,,5,active
c4-pa,g6-c4-c4-pa,6,C4,6-c4-pa,周长与面积,理解周长与面积的区别与联系。,边长为4的正方形，周长和面积各是？（答案：周长16，面积16）,,,5,active
c4-cutfill,g6-c4-c4-cutfill,6,C4,6-c4-cutfill,割补法,用割补法把不规则图形转化为规则图形求面积。,把不规则图形割补成长方形求面积。,,,5,active
c4-angle,g6-c4-c4-angle,6,C4,6-c4-angle,角度初步,认识角度的计算与和差关系。,∠1+∠2=90°，∠1=30°，∠2=?（答案：60°）,,,5,active
c4-count,g6-c4-c4-count,6,C4,6-c4-count,图形计数,有次序地数出图形的个数。,数出图中三角形的个数。,,,5,active
c4-transform,g6-c4-c4-transform,6,C4,6-c4-transform,平移旋转与对称,认识图形的对称、平移与旋转。,判断下列图形是否轴对称。,,,5,active
c4-solid,g6-c4-c4-solid,6,C4,6-c4-solid,立体图形初步,认识常见立体图形的特征与展开图。,正方体有几个面？（答案：6个）,,,5,active
c6-work,g6-c6-c6-work,6,C6,6-c6-work,工程问题,把总工作量看成单位1，合作效率=效率和，合作时间=1÷效率和。,甲6天、乙3天完成，合作几天？（答案：2天）,,,5,active
c6-concentration,g6-c6-c6-concentration,6,C6,6-c6-concentration,浓度问题,含盐率=盐重÷盐水总重，混合与稀释均按此计算。,100克10%盐水加100克水，含盐率？（答案：5%）,,,5,active
c7-telescope,g6-c7-c7-telescope,6,C7,6-c7-telescope,裂项相消,把每一项拆成两个分数之差，相加时首尾相消。,1/(1×2)+1/(2×3)+…+1/(9×10)=?（答案：9/10）,,,5,active
c7-complex,g6-c7-c7-complex,6,C7,6-c7-complex,繁分数化简,多层分式从最里层逐层通分，除以分数等于乘它的倒数。,1÷(2+1/3)=?（答案：3/7）,,,5,active
c7-clever,g6-c7-c7-clever,6,C7,6-c7-clever,分数巧算,提取公因数、连乘约分、等比凑整等速算技巧。,(1-1/2)×(1-1/3)×…×(1-1/10)=?（答案：1/10）,,,5,active
c7-pattern,g6-c7-c7-pattern,6,C7,6-c7-pattern,分数数列规律,由前几项归纳通项公式，再求指定项。,1/2、2/3、3/4、4/5…第10项是?（答案：10/11）,,,5,active